PosterLink,GameName
https://dlpsgame.com/wp-content/uploads/2025/11/1-1.png,Evil West
https://dlpsgame.com/wp-content/uploads/2025/10/2-6.png,The Elder Scrolls V Skyrim Special Edition
https://dlpsgame.com/wp-content/uploads/2025/10/1-6.png,Empire of The Ants
https://dlpsgame.com/wp-content/uploads/2025/10/2-5.png,Tekken 8
https://dlpsgame.com/wp-content/uploads/2025/10/1-5.png,ARK Survival Ascended
https://dlpsgame.com/wp-content/uploads/2025/10/2-1-2.png,Grand Theft Auto The Trilogy The Definitive Edition
https://dlpsgame.com/wp-content/uploads/2025/10/1-1-7.png,Crash Bandicoot 4 Its About Time
https://dlpsgame.com/wp-content/uploads/2025/10/2.png,Star Wars Tales From The Galaxys Edge
https://dlpsgame.com/wp-content/uploads/2025/10/1.png,The Walking Dead Saints and Sinners Chapter 2 Retribution
https://dlpsgame.com/wp-content/uploads/2025/09/2.png,Uncharted Legacy of Thieves Collection
https://dlpsgame.com/wp-content/uploads/2025/09/1-13.jpg,The Last of Us Part 2 Remastered
https://dlpsgame.com/wp-content/uploads/2025/09/1-11.jpg,Transformer Galactic Trails
https://dlpsgame.com/wp-content/uploads/2025/09/2-3.jpg,Tomb Raider I-III Remastered Starring Lara Croft
https://dlpsgame.com/wp-content/uploads/2025/09/1-10.jpg,Dead Rising Deluxe Remaster
https://dlpsgame.com/wp-content/uploads/2025/09/1-9.jpg,The Last of Us Part I
https://dlpsgame.com/wp-content/uploads/2025/09/3-3.jpg,Black Myth Wukong
https://dlpsgame.com/wp-content/uploads/2025/09/3-2.jpg,The Caligula Effect Overdose
https://dlpsgame.com/wp-content/uploads/2025/09/2-2.jpg,Dead Cells
https://dlpsgame.com/wp-content/uploads/2025/09/1-7.jpg,The Caligula Effect 2
https://dlpsgame.com/wp-content/uploads/2025/09/1-5.jpg,LEGO Horizon Adventures
https://dlpsgame.com/wp-content/uploads/2025/09/2-1.jpg,A Quiet Place The Road Ahead
https://dlpsgame.com/wp-content/uploads/2025/09/1-3.jpg,Disney Epic Mickey Rebrushed
https://dlpsgame.com/wp-content/uploads/2025/09/3-1.jpg,Hot Wheels Monster Trucks Stunt Mayhem
https://dlpsgame.com/wp-content/uploads/2025/09/2.jpg,Lollipop Chainsaw RePoP
https://dlpsgame.com/wp-content/uploads/2025/09/1-2.jpg,Morbid The Lords of Ire
https://dlpsgame.com/wp-content/uploads/2025/09/4.jpg,Pneumata
https://dlpsgame.com/wp-content/uploads/2025/09/3.jpg,WWE 2K24
https://dlpsgame.com/wp-content/uploads/2025/09/1-1.jpg,Dragon Ball Sparking Zero
https://dlpsgame.com/wp-content/uploads/2025/09/1.jpg,Silent Hill 2
https://dlpsgame.com/wp-content/uploads/2025/08/1-15.jpg,Looney Tunes Wacky World of Sports
https://dlpsgame.com/wp-content/uploads/2025/08/1-10.jpg,Persona 3 Reload
https://dlpsgame.com/wp-content/uploads/2025/08/2-4.jpg,Baldurs Gate 3
https://dlpsgame.com/wp-content/uploads/2025/07/11-1.jpg,Jurassic Park Classic Games Collection
https://dlpsgame.com/wp-content/uploads/2025/07/10-1.jpg,Slave Zero X
https://dlpsgame.com/wp-content/uploads/2025/07/9-1.jpg,Cygni All Guns Blazing
https://dlpsgame.com/wp-content/uploads/2025/07/2.jpg,Last Days of Lazarus
https://dlpsgame.com/wp-content/uploads/2025/06/1-7.jpg,Still Wakes The Deep
https://dlpsgame.com/wp-content/uploads/2025/06/4-1.jpg,MotoGP 23
https://dlpsgame.com/wp-content/uploads/2025/06/3-4.jpg,Gamedec Definitive Edition
https://dlpsgame.com/wp-content/uploads/2025/06/2-7.jpg,God of Rock
https://dlpsgame.com/wp-content/uploads/2025/06/2-6.jpg,High on Life
https://dlpsgame.com/wp-content/uploads/2025/06/3-3.jpg,Dragons Dogma 2
https://dlpsgame.com/wp-content/uploads/2025/06/2-4.jpg,Alone In The Dark
https://dlpsgame.com/wp-content/uploads/2025/06/1-5.jpg,Pacific Drive
https://dlpsgame.com/wp-content/uploads/2025/05/4-1.jpg,Steelrising
https://dlpsgame.com/wp-content/uploads/2025/05/3-2.jpg,Afterimage
https://dlpsgame.com/wp-content/uploads/2025/05/2-2.jpg,Bramble The Mountain King
https://dlpsgame.com/wp-content/uploads/2025/05/1-2.jpg,Avatar The Last Airbender Quest for Balance
https://dlpsgame.com/wp-content/uploads/2025/05/3-1.jpg,Fort Solis
https://dlpsgame.com/wp-content/uploads/2025/05/3.jpg,Aliens Dark Descent
https://dlpsgame.com/wp-content/uploads/2025/05/2.jpg,Ad Infinitum
https://dlpsgame.com/wp-content/uploads/2025/05/5.jpg,Miasma Chronicles
https://dlpsgame.com/wp-content/uploads/2025/05/4.jpg,Trek To Yomi
https://dlpsgame.com/wp-content/uploads/2025/04/4-6.jpg,Dreaming Sarah
https://dlpsgame.com/wp-content/uploads/2025/04/3-11.jpg,Monster Boy and The Cursed Kingdom
https://dlpsgame.com/wp-content/uploads/2025/04/2-19.jpg,Scorn
https://dlpsgame.com/wp-content/uploads/2025/04/3-9.jpg,Ed 0 Zombie Uprising
https://dlpsgame.com/wp-content/uploads/2025/04/2-16.jpg,Gangs of Sherwood
https://dlpsgame.com/wp-content/uploads/2025/04/2-14.jpg,War Mongrels
https://dlpsgame.com/wp-content/uploads/2025/04/1-18.jpg,DreamWorks All Star Kart Racing
https://dlpsgame.com/wp-content/uploads/2025/04/6-3.jpg,Ghostrunner 2
https://dlpsgame.com/wp-content/uploads/2025/04/2-12.jpg,Dead Cells Return to Castlevania Edition
https://dlpsgame.com/wp-content/uploads/2025/04/1-16.jpg,Shadow Warrior 3 Definitive Edition
https://dlpsgame.com/wp-content/uploads/2025/04/4-4.jpg,Crime Boss Rockay City
https://dlpsgame.com/wp-content/uploads/2025/04/4-3.jpg,The Chant
https://dlpsgame.com/wp-content/uploads/2025/04/3-5.jpg,Tourist Bus Simulator
https://dlpsgame.com/wp-content/uploads/2025/04/2-11.jpg,The Eternal Cylinder
https://dlpsgame.com/wp-content/uploads/2025/04/1-14.jpg,Dusk Diver 2
https://dlpsgame.com/wp-content/uploads/2025/04/2-10.jpg,Lies of P
https://1.bp.blogspot.com/-_I4GePR9vmk/ZZqeV1_BKsI/AAAAAAAAEBQ/ROKpRpfHaoUlJ0HYjgc0zo8LzaApK2OCwCNcBGAsYHQ/s0/6.jpg,Ghost of Tsushima Directors Cut
https://dlpsgame.com/wp-content/uploads/2025/04/1-13.jpg,Police Simulator Patrol Officers
https://dlpsgame.com/wp-content/uploads/2025/04/7.jpg,The DioField Chronicle
https://dlpsgame.com/wp-content/uploads/2025/04/6-2.jpg,Medieval Dynasty
https://dlpsgame.com/wp-content/uploads/2025/04/5-2.jpg,Hello Neighbor 2
https://dlpsgame.com/wp-content/uploads/2025/04/4-2.jpg,Octopath Traveler 2
https://dlpsgame.com/wp-content/uploads/2025/04/3-3.jpg,Atomic Heart
https://dlpsgame.com/wp-content/uploads/2025/04/2-8.jpg,Dragon Ball Z Kakarot
https://dlpsgame.com/wp-content/uploads/2025/04/1-12.jpg,Gungrave GORE
https://dlpsgame.com/wp-content/uploads/2025/04/6-1.jpg,Immortals of Aveum
https://dlpsgame.com/wp-content/uploads/2025/04/5-1.jpg,Remnant 2
https://dlpsgame.com/wp-content/uploads/2025/04/4-1.jpg,Oxide Room 104
https://dlpsgame.com/wp-content/uploads/2025/04/3-2.jpg,Asterigos Curse of The Stars
https://dlpsgame.com/wp-content/uploads/2025/04/2-7.jpg,Nickelodeon Kart Racers 3 Slime Speedway
https://dlpsgame.com/wp-content/uploads/2025/04/1-11.jpg,The Dark Pictures Anthology The Devil in Me
https://dlpsgame.com/wp-content/uploads/2025/04/2-6.jpg,Trepang2
https://dlpsgame.com/wp-content/uploads/2025/04/1-10.jpg,RIDE 5
https://dlpsgame.com/wp-content/uploads/2025/04/6.jpg,Raiden III x MIKADO MANIAX
https://dlpsgame.com/wp-content/uploads/2025/04/5.jpg,NASCAR Arcade Rush
https://dlpsgame.com/wp-content/uploads/2025/04/4.jpg,Quantum Error
https://dlpsgame.com/wp-content/uploads/2025/04/3-1.jpg,Under The Waves
https://dlpsgame.com/wp-content/uploads/2025/04/2-5.jpg,R Type Final 3 Evolved
https://dlpsgame.com/wp-content/uploads/2025/04/1-7.jpg,Trine 5 A Clockwork Conspiracy
https://dlpsgame.com/wp-content/uploads/2025/04/2-4.jpg,Way of The Hunter
https://dlpsgame.com/wp-content/uploads/2025/04/1-4.jpg,Ghostbusters Spirits Unleashed
https://dlpsgame.com/wp-content/uploads/2025/04/2-2.jpg,Charons Staircase
https://dlpsgame.com/wp-content/uploads/2025/04/2-1.jpg,Train Life A Railway Simulator
https://dlpsgame.com/wp-content/uploads/2025/04/1.jpg,Lords of The Fallen
https://dlpsgame.com/wp-content/uploads/2025/03/3-6.jpg,Session Skate Sim
https://dlpsgame.com/wp-content/uploads/2025/03/2-16.jpg,LEGO 2K Drive
https://dlpsgame.com/wp-content/uploads/2025/03/1-24.jpg,Hot Wheels Unleashed 2 Turbocharged
https://dlpsgame.com/wp-content/uploads/2025/03/3-5.jpg,Insomnis
https://dlpsgame.com/wp-content/uploads/2025/03/2-15.jpg,Like A Dragon Ishin
https://dlpsgame.com/wp-content/uploads/2025/03/1-23.jpg,Wanted Dead
https://dlpsgame.com/wp-content/uploads/2025/03/2-14.jpg,Overpass 2
https://dlpsgame.com/wp-content/uploads/2025/03/1-21.jpg,Everspace 2
https://dlpsgame.com/wp-content/uploads/2025/03/2-13.jpg,Soulstice
https://dlpsgame.com/wp-content/uploads/2025/03/1-20.jpg,Severed Steel
https://dlpsgame.com/wp-content/uploads/2025/03/1-19.jpg,FIST Forged In Shadow Torch
https://dlpsgame.com/wp-content/uploads/2025/03/2-12.jpg,Daymare 1994 Sandcastle
https://dlpsgame.com/wp-content/uploads/2025/09/3-5.jpg,Dead Island 2 Ultimate Edition
https://dlpsgame.com/wp-content/uploads/2025/03/4-2.jpg,The Quarry
https://dlpsgame.com/wp-content/uploads/2025/03/3-4.jpg,MotoGP 22
https://dlpsgame.com/wp-content/uploads/2025/03/2-11.jpg,Scars Above
https://dlpsgame.com/wp-content/uploads/2025/03/1-17.jpg,AEW Fight Forever
https://dlpsgame.com/wp-content/uploads/2025/03/4-1.jpg,Vampire The Masquerade Swansong
https://dlpsgame.com/wp-content/uploads/2025/03/3-3.jpg,Star Trek Prodigy Supernova
https://dlpsgame.com/wp-content/uploads/2025/03/2-10.jpg,WWE 2K23
https://dlpsgame.com/wp-content/uploads/2025/03/1-15.jpg,Wo Long Fallen Dynasty
https://dlpsgame.com/wp-content/uploads/2025/03/2-9.jpg,Street Fighter 6
https://dlpsgame.com/wp-content/uploads/2025/03/1-13.jpg,RoboCop Rogue City
https://dlpsgame.com/wp-content/uploads/2025/03/1-12.jpg,Mortal Kombat 1
https://dlpsgame.com/wp-content/uploads/2025/03/1-7.jpg,Goat Simulator 3
https://dlpsgame.com/wp-content/uploads/2025/02/1-15.jpg,A Plague Tale Requiem
https://dlpsgame.com/wp-content/uploads/2025/03/2-4.jpg,Raiden IV x Mikado Remix
https://dlpsgame.com/wp-content/uploads/2025/03/1-4.jpg,Tetris Effect Connected
https://dlpsgame.com/wp-content/uploads/2025/02/4-1.jpg,MX vs ATV Legends
https://dlpsgame.com/wp-content/uploads/2025/03/9.jpg,Valkyrie Elysium
https://dlpsgame.com/wp-content/uploads/2025/03/8.jpg,Hogwarts Legacy
https://dlpsgame.com/wp-content/uploads/2025/03/3.jpg,Train Sim World 3
https://dlpsgame.com/wp-content/uploads/2025/03/2-1.jpg,Resident Evil 4 Remake
https://dlpsgame.com/wp-content/uploads/2025/03/1-1.jpg,The Callisto Protocol
https://dlpsgame.com/wp-content/uploads/2024/12/2-3.jpg,Resident Evil 3 Remake
https://1.bp.blogspot.com/-cLSnzG1Z2b8/ZZqzDz_xICI/AAAAAAAAEHk/GlqDiNP6TPs1JixkPgiUol5-0G-8wf64gCNcBGAsYHQ/s0/24.jpg,Marvels Guardians of The Galaxy
https://1.bp.blogspot.com/-r8SdOdI_rdc/ZbUN0bMlp3I/AAAAAAAAFGI/euBDBfAmlGUm5_U8bXxrDL8VFs-E-zoFQCNcBGAsYHQ/s0/1.jpg,The Ascent
https://dlpsgame.com/wp-content/uploads/2024/12/1-8.jpg,Resident Evil 2 Remake
https://1.bp.blogspot.com/-OlhUAXNtdUs/ZZqqXMvHA8I/AAAAAAAAEEY/k4iRjXQj0us1mcaxP5dkjzdaKAvXdjdTwCNcBGAsYHQ/s0/15.jpg,Ghostwire Tokyo
https://1.bp.blogspot.com/-qj7XqYHD2gQ/ZZqoqeFDmeI/AAAAAAAAEDw/gbt1MfcLczoaCWJm7bjhrtclf8dcasotgCNcBGAsYHQ/s0/13.jpg,Alan Wake Remastered
https://1.bp.blogspot.com/-pt28XARJt4w/ZZqirq_RRlI/AAAAAAAAECU/C3mWSnC5ulQLGmafKd2gUlO7LY9FJmiJACNcBGAsYHQ/s0/9.jpg,LEGO Star Wars The Skywalker Saga
https://1.bp.blogspot.com/-GY9aXOUkXE8/Zb4PnImluAI/AAAAAAAAFL8/sHf8exIb_-svDmsQZwXDi8GsjCoDcM9iQCNcBGAsYHQ/s0/2.jpg,Hot Wheels Unleashed
https://1.bp.blogspot.com/-s7rUyd_Fh4s/ZapBNlsoAfI/AAAAAAAAEgU/pdPYv7yENVokmugUydzNQaVs7awmnTMPQCNcBGAsYHQ/s0/0.jpg,Train Sim World 2 Rush Hour Deluxe Edition
https://1.bp.blogspot.com/-KnVaAr5NmL8/Zat9vLaEsVI/AAAAAAAAEhs/ATx6dL7kR-ko8cCLGd-Uei5cl5j8W-mEQCNcBGAsYHQ/s0/3.jpg,The Riftbreaker
https://1.bp.blogspot.com/-fUzAzO2TxYA/ZZ1RZzANWUI/AAAAAAAAEME/9Q0U6X1PpO8aclMgPexfaeoR_MYnVQChgCNcBGAsYHQ/s0/1.jpg,Destruction AllStars
https://1.bp.blogspot.com/-80nwFHDotsI/ZZ36LcO_CUI/AAAAAAAAEMY/PtMnNwUmUWslGhlfFkea9MEcS2eT9YcGACNcBGAsYHQ/s0/2.jpg,Aliens Fireteam Elite
https://dlpsgame.com/wp-content/uploads/2025/02/2-12.jpg,Arkanoid Eternal Battle
https://dlpsgame.com/wp-content/uploads/2025/02/8.jpg,Arcadegeddon
https://dlpsgame.com/wp-content/uploads/2025/02/7-1.jpg,Dakar Desert Rally
https://dlpsgame.com/wp-content/uploads/2025/02/6-1.jpg,DNF Duel
https://dlpsgame.com/wp-content/uploads/2025/02/5-2.jpg,Fobia St Dinfna Hotel
https://dlpsgame.com/wp-content/uploads/2025/02/4-2.jpg,Kao The Kangaroo
https://dlpsgame.com/wp-content/uploads/2025/02/3-3.jpg,No More Heroes 3
https://dlpsgame.com/wp-content/uploads/2025/02/2-9.jpg,Teenage Mutant Ninja Turtles The Cowabunga Collection
https://dlpsgame.com/wp-content/uploads/2025/02/1-9.jpg,Stray
https://dlpsgame.com/wp-content/uploads/2025/02/5-1.jpg,Resident Evil 7 Biohazard Gold Edition
https://dlpsgame.com/wp-content/uploads/2025/02/3-2.jpg,Thymesia
https://dlpsgame.com/wp-content/uploads/2025/02/2-6.jpg,Tiny Tinas Wonderlands
https://dlpsgame.com/wp-content/uploads/2025/02/1-6.jpg,Biomutant
https://dlpsgame.com/wp-content/uploads/2024/10/1-16.jpg,Resident Evil Village Gold Edition
https://dlpsgame.com/wp-content/uploads/2024/12/1-18.jpg,Devil May Cry 5 Special Edition
https://dlpsgame.com/wp-content/uploads/2025/01/1-9.jpg,BloodRayne Betrayal Fresh Bites
https://1.bp.blogspot.com/-ewkc75w94XI/ZZqsKLBLEMI/AAAAAAAAEFE/JauLaqwGDmgYAdIN712ZWNSkUVgHn0sbgCNcBGAsYHQ/s0/17.jpg,Star Wars Jedi Fallen Order
https://dlpsgame.com/wp-content/uploads/2025/01/3.jpg,Quake
https://dlpsgame.com/wp-content/uploads/2025/01/2-1.jpg,DOLMEN
https://dlpsgame.com/wp-content/uploads/2025/01/1-3.jpg,Assetto Corsa Competizione
https://dlpsgame.com/wp-content/uploads/2024/12/2-9.jpg,Demons Souls
https://dlpsgame.com/wp-content/uploads/2024/11/1-3.jpg,Red Dead Redemption Remaster
https://1.bp.blogspot.com/-G1gm_SKJNpk/ZgpKXB1lbBI/AAAAAAAAF6s/QjqYKMIoCg0WrswDxoIG0_eWxn1BOlZygCNcBGAsYHQ/s0/1.jpg,Port Royale 4
https://1.bp.blogspot.com/-OEZvIvMyEHI/ZeijQC3S6oI/AAAAAAAAFi0/lJixrhFOl-kFdBQP-vi5k578NBXcHxErACNcBGAsYHQ/s0/1.jpg,Mortal Kombat 11 Ultimate
https://1.bp.blogspot.com/-wNNCQ5cNPrs/Za-1zh64_7I/AAAAAAAAE80/G7odOMKh8VwVGJzpVzu2gFR6dE-axZP1gCNcBGAsYHQ/s0/1.jpg,Apsulov End of Gods
https://1.bp.blogspot.com/-UJ86PkWjAKc/ZdatWV8GuqI/AAAAAAAAFX0/FQM9beN4dUoNKqUookpA0QazquyYTPNggCNcBGAsYHQ/s0/1.jpg,Fishing North Atlantic Enhanced Edition
https://1.bp.blogspot.com/-mMNIBolsNNQ/ZcmUdEUruFI/AAAAAAAAFPg/SuViix65FSQSM0W_C_QqWEyh42mU1ZyxACNcBGAsYHQ/s0/5.jpg,Astros Playroom
https://1.bp.blogspot.com/-KBTJTswCGG4/ZcgzUcWZW3I/AAAAAAAAFOg/9nRlfLv9_KMSatJM32QUSfzNO4rEdzLHQCNcBGAsYHQ/s0/2.jpg,Monster Energy Supercross The Official Videogame 5
https://1.bp.blogspot.com/-OeXNo38oSmU/ZcZ1akVD2EI/AAAAAAAAFNw/PbbBAZISgbclRqK0uoIi0KAj0whtZj09ACNcBGAsYHQ/s0/2.jpg,Call of The Sea
https://1.bp.blogspot.com/-Ij8HdHSzAIs/ZcZ0aEUygmI/AAAAAAAAFNY/w9n8HTbSG-gXlvAegsa30X9QSpHLmjuLQCNcBGAsYHQ/s0/1.jpg,Martha is Dead
https://dlpsgame.com/wp-content/uploads/2024/12/1-10.jpg,Borderlands 3 Ultimate Edition
https://1.bp.blogspot.com/-PlH5yX6ZGbo/Zb2Kk1u5jjI/AAAAAAAAFLk/iO42iWWSBsA1e9beaW7jsEvaznKPpkHpQCNcBGAsYHQ/s0/1.jpg,Monster Energy Supercross The Official Videogame 4
https://1.bp.blogspot.com/-Hcx3Dt4jel0/Zbz8prJmxEI/AAAAAAAAFLM/aLjLez_lG-wdlPCn0V6DTg83yKGRCRBFwCNcBGAsYHQ/s0/3.jpg,Demon Slayer Kimetsu no Yaiba The Hinokami Chronicles
https://1.bp.blogspot.com/-zZOLuXgb3SU/Zby89rpTBqI/AAAAAAAAFK0/R-D0rOYHeFY8CP-zt_cNYu93nNajTZh4wCNcBGAsYHQ/s0/2.jpg,MotoGP 21
https://1.bp.blogspot.com/-QSk7hnvMrn8/ZbxlEuDulqI/AAAAAAAAFKg/QHx5qRlKlrc8H26wpUBCZ9jp-6LOEXsgwCNcBGAsYHQ/s0/1.jpg,Nerf Legends
https://1.bp.blogspot.com/-nxvRpCMHoz0/ZbrcUN6Z6lI/AAAAAAAAFJU/mt8OoDjbiVoD5tpS0msY9plxDo8kq8QAgCNcBGAsYHQ/s0/1.jpg,Crimson Spires
https://1.bp.blogspot.com/-xpNCakof3wY/ZbhNCDuEylI/AAAAAAAAFIE/1uHdXJY7lK80Vk6lM09tVbdFjcJrsIOtwCNcBGAsYHQ/s0/1.jpg,The Smurfs Mission Vileaf
https://1.bp.blogspot.com/-yH3oWg7LGh0/ZbcHh47y4YI/AAAAAAAAFHo/BFBPM5q-KSkSzjckY4bFAeaAHJ-9f4XqwCNcBGAsYHQ/s0/2.jpg,RIDE 4
https://1.bp.blogspot.com/-MNKs2dU6Avg/ZbcGrCaV8AI/AAAAAAAAFHU/6zjzDPH6qgwbBb0lf1RIx42L8GZ6sUsDwCNcBGAsYHQ/s0/1.jpg,MXGP 2020 The Official Motocross Videogame
https://1.bp.blogspot.com/-NtrDP5-c35Q/ZbUO1GFWQII/AAAAAAAAFGg/wL2txVDDvlEkuXMc-VHGC9lMNq02nYunQCNcBGAsYHQ/s0/2.jpg,Planet Coaster Console Edition
https://1.bp.blogspot.com/-jNTdLTGiWY4/ZbKREPHfKsI/AAAAAAAAFEI/A00t58etwf0j1LYetyV6V13qrzpG3EikwCNcBGAsYHQ/s0/1.jpg,Asterix and Obelix XXXL The Ram From Hibernia
https://1.bp.blogspot.com/-o8XvcF75nNU/ZbBMOLEn9WI/AAAAAAAAE_0/eqtmW8xd38oTu0thJfLfp0FbTp1qOnHVQCNcBGAsYHQ/s0/3.jpg,Ikai
https://1.bp.blogspot.com/-2ePkY0Rahi0/ZbBKzyOWHwI/AAAAAAAAE_c/2S1rdArQCTIy3A8HCxcBwpLJFgCu6NeqQCNcBGAsYHQ/s0/2.jpg,Observer System Redux
https://1.bp.blogspot.com/-DQnLCKdtcaA/ZbBJsoqGHbI/AAAAAAAAE_I/JmaiHt-BJ5UETonSirSCNEF5HMr8tk1xQCNcBGAsYHQ/s0/1.jpg,Chernobylite
https://1.bp.blogspot.com/-RfDLLdqu_Ko/Zax7usiHFBI/AAAAAAAAEj0/no8q0uuB4wIXPFWTGv6vB4qkBZIaKtBDwCNcBGAsYHQ/s0/4.jpg,Bugsnax
https://1.bp.blogspot.com/-DjJWeA3KDfo/Zax6iSdu1sI/AAAAAAAAEjM/99qvux5Cb1ctz-B3M3SXLTtJ68SI3yfZQCNcBGAsYHQ/s0/2.jpg,Override 2 Super Mech League
https://1.bp.blogspot.com/-p2vGakA99Ig/Zax5tHM_Y5I/AAAAAAAAEi4/swDHr0dL8UUt8c6Cm1JMlpJw_EMJA7RIACNcBGAsYHQ/s0/1.jpg,Street Outlaws 2 Winner Takes All
https://1.bp.blogspot.com/-a5782lpxgBg/Zat9IDFPPtI/AAAAAAAAEhU/uq6CNRk5HBokXchu_fK1n9sO2Hm8xl69gCNcBGAsYHQ/s0/2.jpg,Dungeons Dragons Dark Alliance
https://1.bp.blogspot.com/-GV3vPW6U7Pg/Zat8fTArPWI/AAAAAAAAEg8/1ol-NAPI-MMzi6SQE4fOPt65srIS16UhwCNcBGAsYHQ/s0/1.jpg,Control Ultimate Edition
https://1.bp.blogspot.com/-WnUTsERFeao/ZajeEjJS13I/AAAAAAAAEgA/rHAc9mGo6kopHy4U16rYpiM3qyYxo00mACNcBGAsYHQ/s0/1.jpg,Mortal Shell Enhanced Edition
https://1.bp.blogspot.com/-PWHiQI2VzKM/ZagR5aMKiLI/AAAAAAAAEfs/XC65k4_2OY4_TaVi2BTxfmyoOTxunzs9QCNcBGAsYHQ/s0/3.jpg,Spirit of The North Enhanced Edition
https://1.bp.blogspot.com/-YOrPbamGzOo/ZagRL-bZS0I/AAAAAAAAEfY/wt8YfHNyEtMw7eykOir6euDvDle0iSL6gCNcBGAsYHQ/s0/2.jpg,Monster Truck Championship
https://1.bp.blogspot.com/-ISsPBBfgH40/ZagQnmBOLyI/AAAAAAAAEfI/B3Q9ioesnIE3_mjOU90xcCEr_TbBnq-TwCNcBGAsYHQ/s0/1.jpg,Hunting Simulator 2
https://1.bp.blogspot.com/-_KjkzUGc0aI/ZadQkSlYepI/AAAAAAAAEeo/sJbdX3ReWJUGtg3lvQBo_tlS3M1yQMB4wCNcBGAsYHQ/s0/1.jpg,Infliction Extended Cut
https://1.bp.blogspot.com/-qSaU2zqekUs/ZacZnlJxGuI/AAAAAAAAEeU/QGnqMBe5NXEQxrYMAepwoVu8zwOqtZRBgCNcBGAsYHQ/s0/1.jpg,It Takes Two
https://1.bp.blogspot.com/-zk7H6niCEsA/ZaaYf39J33I/AAAAAAAAEd8/Rkp-74DBmfw0xMhHAkFSCG8Ud9nkXpJIACNcBGAsYHQ/s0/1.jpg,Terminator Resistance Enhanced
https://1.bp.blogspot.com/-yFJ0VUZFp3k/ZaXYrempNGI/AAAAAAAAEdk/swEJZCy_MwscP7Hr40tL1JWpCsI3baJygCNcBGAsYHQ/s0/2.jpg,Fatal Frame Maiden of Black Water
https://1.bp.blogspot.com/-3-FZASocDls/ZaXYTniuvTI/AAAAAAAAEdM/_GOgEZMjc7gkMJj4qjy3Y-3YBjN2GPmwwCNcBGAsYHQ/s0/1.jpg,Kid A Mnesia Exhibition
https://1.bp.blogspot.com/-V6w3GVRZl0c/ZaVvRjfWZ8I/AAAAAAAAEcg/b3ytIyjEz8c_1NxOrSIyTfq1YkVcmLWYACNcBGAsYHQ/s0/4.jpg,Void tRrLM();++ //Void Terrarium++
https://1.bp.blogspot.com/-4Xpa2yF2KkQ/ZaVuSwEFVyI/AAAAAAAAEcI/3vVl1jLR934C0M8mJYzAIFdDHsc-7jnIgCNcBGAsYHQ/s0/3.jpg,Bassmaster Fishing 2022
https://1.bp.blogspot.com/-Xs73i5ETDcE/ZaVtnd0kLPI/AAAAAAAAEbw/pQNv2XxXPOQmQiMAhbuxONRK7P_SHEhiQCNcBGAsYHQ/s0/2.jpg,Ghostrunner
https://1.bp.blogspot.com/-j0R2E4F5A1E/ZaVs2zuX52I/AAAAAAAAEbc/PPONipRdItcqXYxJrQn9BrxoO2KUGlNZwCNcBGAsYHQ/s0/1.jpg,Tropico 6
https://1.bp.blogspot.com/-35hsM4r1ou8/ZaSJtVcXO1I/AAAAAAAAEbI/RumEzDYh0zkbFvvaJIw8saU9hXSk2zAoQCNcBGAsYHQ/s0/4.jpg,Jumanji The Video Game
https://1.bp.blogspot.com/-ui22FGB_FLE/ZaSIvHJns0I/AAAAAAAAEa0/0Nd9q34DiEMiYsddIaoyN_5ND0EJavwJgCNcBGAsYHQ/s0/3.jpg,Unbound Worlds Apart
https://1.bp.blogspot.com/-UP913uK7-zw/ZaSHsQgc9aI/AAAAAAAAEac/XsV_ND6HlYUF-L9bTPmKJBGZQlxre_5gQCNcBGAsYHQ/s0/2.jpg,Beyond a Steel Sky
https://1.bp.blogspot.com/-JuCwsdE8MZo/ZaSG9xe9RfI/AAAAAAAAEaE/4xgbnbG_06EaBMPaDRpdy23zP6CrWf0xwCNcBGAsYHQ/s0/1.jpg,Five Nights at Freddys Security Breach
https://1.bp.blogspot.com/-l3Zvd-dK604/ZaNVnT61axI/AAAAAAAAESg/W0V0GG8pDpoBYmcvxOUo-JGEgemdnsUXQCNcBGAsYHQ/s0/3.jpg,Record of Lodoss War Deedlit in Wonder Labyrinth
https://1.bp.blogspot.com/-Cr4Mac5Rbbc/ZaNSAjDwKkI/AAAAAAAAESM/vCaV7nPdkeE54RAy-MK023NdcbxpNtfwwCNcBGAsYHQ/s0/2.jpg,Away The Survival Series
https://1.bp.blogspot.com/-SP93Nvyoxw8/ZaNRHMMIywI/AAAAAAAAER0/MIjb_07dV_8lIgFrbCe7-lfO1aVPtELvQCNcBGAsYHQ/s0/1.jpg,The Medium
https://1.bp.blogspot.com/-ZsDXfe4RkJg/ZaI5FSpilUI/AAAAAAAAERQ/n4EA-PO9tQ4D-2ZM3x_QlARJcQRyPcahwCNcBGAsYHQ/s0/2.jpg,A Plague Tale Innocence
https://1.bp.blogspot.com/-z8lkSwhK-HI/ZaI4SsJcfmI/AAAAAAAAEQ4/13KJDrwmNYU58_qdKbFtkHWnxAVgDOgfwCNcBGAsYHQ/s0/1.jpg,MechWarrior 5 Mercenaries
https://1.bp.blogspot.com/-HgHvJ6Ecutk/ZZ9TMo8cOKI/AAAAAAAAEO0/vydh3Y1SBwcs6DV1wqRP3z-JmDv-ssbjwCNcBGAsYHQ/s0/4.jpg,Abandoned Realtime Trailers Demo
https://1.bp.blogspot.com/-TKgcgdLeD0c/ZZ9RpmoNSnI/AAAAAAAAEOc/6pAWCmRy_douepguocaX9lC0cmzKzPCqwCNcBGAsYHQ/s0/3.jpg,Resident Evil Village Maiden Demo
https://1.bp.blogspot.com/-NcDNWv_wV6U/ZZ9Q0Mxe3pI/AAAAAAAAEOI/kdYlF2oRYMs3BI2kL2SY2RQDqYGPbnaAgCNcBGAsYHQ/s0/2.jpg,The Matrix Awakens An Unreal Engine 5 Experience Demo
https://1.bp.blogspot.com/-xJLD-znnKF8/ZZ9NmU5k0zI/AAAAAAAAENw/WobPRDjz-RwMUD6ekdeElsSlPbJfUSEogCNcBGAsYHQ/s0/1.jpg,Little Nightmares 2
https://1.bp.blogspot.com/-vNEyfdNaUt4/ZZ5VAKDINpI/AAAAAAAAENY/fFs46Q1_FkIikj-xB9bHknkzEPzuDUntACNcBGAsYHQ/s0/1.jpg,The Dark Pictures Anthology House of Ashes
https://1.bp.blogspot.com/-5_JRozZAR80/ZZ4K6wfW-gI/AAAAAAAAENE/vLnV8oa2z9oXf1uWfjKYtzMj6y859LnOQCNcBGAsYHQ/s0/2.jpg,Sniper Ghost Warrior Contracts 2
https://1.bp.blogspot.com/-hJv4l9WDnss/ZZ4KLkDL8wI/AAAAAAAAEMs/bxiaCaH9Z6YlI2851e00k5c-lgpOlbezgCNcBGAsYHQ/s0/1.jpg,DIRT 5
https://1.bp.blogspot.com/-WX1N5y-Vc5M/ZZrZPScJmdI/AAAAAAAAEKg/92UfU3Wc0a4sG1h6pwBGrZr3YAu3xpEBACNcBGAsYHQ/s0/1.jpg,Necromunda Hired Gun
https://1.bp.blogspot.com/-5vsoh1pzA4w/ZZrZtbTIBJI/AAAAAAAAEKs/VSf6CMJmNQwWt4IBx_OZU7vbi5O3RGU6gCNcBGAsYHQ/s0/0.jpg,Elex 2
https://1.bp.blogspot.com/-4QchUxoy9UM/ZZq3BLqYC2I/AAAAAAAAEJU/2cUH5_iRlyMx0H0hJZ2LtP20yRR7PS_VQCNcBGAsYHQ/s0/29.jpg,Visage
https://1.bp.blogspot.com/-21JfLuGkvDE/ZZq2QVY_BeI/AAAAAAAAEI8/GaEaDju1JtsFCorM_bI7vigPCzSo9WRDQCNcBGAsYHQ/s0/28.jpg,Tony Hawks Pro Skater 1 + 2
https://1.bp.blogspot.com/-ZM_7wsm6i6k/ZZq1jFhTK6I/AAAAAAAAEIk/OI6j-Rxu1-Y24qd7b7cuQketSiYsM1b-gCNcBGAsYHQ/s0/27.jpg,Maneater
https://1.bp.blogspot.com/-yxE3GLArj7Y/ZZq0107HV_I/AAAAAAAAEIQ/WVV2RmWsiBgCaDIAgkqkI4k8XbOHyV59ACNcBGAsYHQ/s0/26.jpg,GreedFall Gold Edition
https://1.bp.blogspot.com/-HBLr0f8zkzY/ZZq0DJHFY1I/AAAAAAAAEH8/Mu4EiOAnh4kyBOFu0fpv6WOPlf83JJdIQCNcBGAsYHQ/s0/25.jpg,SIFU
https://1.bp.blogspot.com/-b9AI-j4lB08/ZZqyYKRvK2I/AAAAAAAAEHM/WaegVrL8L0AgxV7fA1LxgKYRczy_JnjMACNcBGAsYHQ/s0/23.jpg,Grand Theft Auto Vice City The Definitive Edition
https://1.bp.blogspot.com/-Qqu_U6_71n4/ZZqxlxuQAcI/AAAAAAAAEG0/MPLifmwZrDQlzWTqCEPWD06EFJv_a5uOwCNcBGAsYHQ/s0/22.jpg,Grand Theft Auto San Andreas The Definitive Edition
https://1.bp.blogspot.com/-1K6noGTHRvw/ZZqwmISxa_I/AAAAAAAAEGc/CDBOE90r30gKukAhAVrAluCbUH2ZNBBxQCNcBGAsYHQ/s0/21.jpg,Guilty Gear Strive
https://1.bp.blogspot.com/-VDT9RhD8zTA/ZZqvoJ5eCTI/AAAAAAAAEGE/HnUdZrO1zIAqHkWRAeSWDqhU4LFBf8hBACNcBGAsYHQ/s0/20.jpg,Tales of Arise
https://1.bp.blogspot.com/-3fzfdvl1nH0/ZZquU23fGHI/AAAAAAAAEFs/68JSm2WvxZ4hbuol8nZfRDa4mp9s38t3wCNcBGAsYHQ/s0/19.jpg,Life is Strange True Colors
https://1.bp.blogspot.com/-XcoNEkQjRh0/ZZqtGV4pvsI/AAAAAAAAEFY/NOGz93P53dYOstrJh8KdFfiTSkEqkr0hQCNcBGAsYHQ/s0/18.jpg,Kena Bridge of Spirits
https://dlpsgame.com/wp-content/uploads/2025/10/1-1-9.png,Grand Theft Auto III The Definitive Edition
https://1.bp.blogspot.com/-APyS9l8YuSg/ZZqpc35jRYI/AAAAAAAAEEE/wGoUJjERcj8biqdSEZca_eokgX9XRK79gCNcBGAsYHQ/s0/14.jpg,Sackboy A Big Adventure
https://1.bp.blogspot.com/-kt9acu7AXMY/ZZqmuSghPdI/AAAAAAAAEDY/BR_YG8bM3-Y_wfBgE6ljC2Km-1XDWGU5wCNcBGAsYHQ/s0/12.jpg,Stranger of Paradise Final Fantasy Origin
https://1.bp.blogspot.com/-WMlfQf8q_Mo/ZZqlkDInNEI/AAAAAAAAEDA/vj5EUlUv2HIxlc-g2bNdYG4eWWA5emRcQCNcBGAsYHQ/s0/11.jpg,WWE 2K22
https://1.bp.blogspot.com/-OfJlnlPecOo/ZZqkeHzRe5I/AAAAAAAAECs/Ylj-n1TA2jYhiW8Q92GCbivlDmdV9_I3ACNcBGAsYHQ/s0/10.jpg,Farming Simulator 22
https://1.bp.blogspot.com/-Qv-HIxqo5xU/ZZqhexcIa7I/AAAAAAAAEB8/S4POpWpKwQklQkLeFlzKnZsRro9JxKP7ACNcBGAsYHQ/s0/8.jpg,The King of Fighters XV
https://1.bp.blogspot.com/-tgHprv6dQIs/ZZqgSGf3MpI/AAAAAAAAEBk/gst11EUix6g9DKe1CNmcYwP4ZquZzfU7gCNcBGAsYHQ/s0/7.jpg,The Pathless
https://1.bp.blogspot.com/-f9fF6D5RQlY/ZZqdGGBwfRI/AAAAAAAAEA4/Pu0VE7yaNLkwY0eOY-T-o9ddBFVydetUACNcBGAsYHQ/s0/5.jpg,Returnal
https://1.bp.blogspot.com/-Ff6mTtQp7Zc/ZZqa8yZ1ryI/AAAAAAAAEAg/xVWenDoLjSc9fQE9mQO0M2br0mJF0kNhACNcBGAsYHQ/s0/4.jpg,Werewolf The Apocalypse Earthblood
https://1.bp.blogspot.com/-mySN1orBxqc/ZZqaHqN8QgI/AAAAAAAAEAM/hQ6yyqlMZIoqrHjm_Ax1Ha73PDSwnASbACNcBGAsYHQ/s0/3.jpg,Balan Wonderworld
https://1.bp.blogspot.com/-oZYaiHCPNHA/ZZqZCNuSlgI/AAAAAAAAD_4/jbLmoLi3FXcEpo2JpRl2s4JW-i1uOrn3QCNcBGAsYHQ/s0/2.jpg,The Persistence Enhanced
https://1.bp.blogspot.com/-yn1iquIg7wQ/ZZp_TveJskI/AAAAAAAAD_g/62cUrO7sIJM0YVqcR6He3gu8US82K8ruwCNcBGAsYHQ/s0/1.jpg,Back 4 Blood
